state,element left,element right,element up,element down
0,empty,empty,empty,empty
1,empty,empty,empty,water
2,empty,empty,empty,car
3,empty,empty,empty,log
4,empty,empty,empty,lilypad
5,empty,empty,empty,out-bounds
6,empty,empty,water,empty
7,empty,empty,water,water
8,empty,empty,water,car
9,empty,empty,water,log
10,empty,empty,water,lilypad
11,empty,empty,water,out-bounds
12,empty,empty,car,empty
13,empty,empty,car,water
14,empty,empty,car,car
15,empty,empty,car,log
16,empty,empty,car,lilypad
17,empty,empty,car,out-bounds
18,empty,empty,log,empty
19,empty,empty,log,water
20,empty,empty,log,car
21,empty,empty,log,log
22,empty,empty,log,lilypad
23,empty,empty,log,out-bounds
24,empty,empty,lilypad,empty
25,empty,empty,lilypad,water
26,empty,empty,lilypad,car
27,empty,empty,lilypad,log
28,empty,empty,lilypad,lilypad
29,empty,empty,lilypad,out-bounds
30,empty,empty,out-bounds,empty
31,empty,empty,out-bounds,water
32,empty,empty,out-bounds,car
33,empty,empty,out-bounds,log
34,empty,empty,out-bounds,lilypad
35,empty,empty,out-bounds,out-bounds
36,empty,water,empty,empty
37,empty,water,empty,water
38,empty,water,empty,car
39,empty,water,empty,log
40,empty,water,empty,lilypad
41,empty,water,empty,out-bounds
42,empty,water,water,empty
43,empty,water,water,water
44,empty,water,water,car
45,empty,water,water,log
46,empty,water,water,lilypad
47,empty,water,water,out-bounds
48,empty,water,car,empty
49,empty,water,car,water
50,empty,water,car,car
51,empty,water,car,log
52,empty,water,car,lilypad
53,empty,water,car,out-bounds
54,empty,water,log,empty
55,empty,water,log,water
56,empty,water,log,car
57,empty,water,log,log
58,empty,water,log,lilypad
59,empty,water,log,out-bounds
60,empty,water,lilypad,empty
61,empty,water,lilypad,water
62,empty,water,lilypad,car
63,empty,water,lilypad,log
64,empty,water,lilypad,lilypad
65,empty,water,lilypad,out-bounds
66,empty,water,out-bounds,empty
67,empty,water,out-bounds,water
68,empty,water,out-bounds,car
69,empty,water,out-bounds,log
70,empty,water,out-bounds,lilypad
71,empty,water,out-bounds,out-bounds
72,empty,car,empty,empty
73,empty,car,empty,water
74,empty,car,empty,car
75,empty,car,empty,log
76,empty,car,empty,lilypad
77,empty,car,empty,out-bounds
78,empty,car,water,empty
79,empty,car,water,water
80,empty,car,water,car
81,empty,car,water,log
82,empty,car,water,lilypad
83,empty,car,water,out-bounds
84,empty,car,car,empty
85,empty,car,car,water
86,empty,car,car,car
87,empty,car,car,log
88,empty,car,car,lilypad
89,empty,car,car,out-bounds
90,empty,car,log,empty
91,empty,car,log,water
92,empty,car,log,car
93,empty,car,log,log
94,empty,car,log,lilypad
95,empty,car,log,out-bounds
96,empty,car,lilypad,empty
97,empty,car,lilypad,water
98,empty,car,lilypad,car
99,empty,car,lilypad,log
100,empty,car,lilypad,lilypad
101,empty,car,lilypad,out-bounds
102,empty,car,out-bounds,empty
103,empty,car,out-bounds,water
104,empty,car,out-bounds,car
105,empty,car,out-bounds,log
106,empty,car,out-bounds,lilypad
107,empty,car,out-bounds,out-bounds
108,empty,log,empty,empty
109,empty,log,empty,water
110,empty,log,empty,car
111,empty,log,empty,log
112,empty,log,empty,lilypad
113,empty,log,empty,out-bounds
114,empty,log,water,empty
115,empty,log,water,water
116,empty,log,water,car
117,empty,log,water,log
118,empty,log,water,lilypad
119,empty,log,water,out-bounds
120,empty,log,car,empty
121,empty,log,car,water
122,empty,log,car,car
123,empty,log,car,log
124,empty,log,car,lilypad
125,empty,log,car,out-bounds
126,empty,log,log,empty
127,empty,log,log,water
128,empty,log,log,car
129,empty,log,log,log
130,empty,log,log,lilypad
131,empty,log,log,out-bounds
132,empty,log,lilypad,empty
133,empty,log,lilypad,water
134,empty,log,lilypad,car
135,empty,log,lilypad,log
136,empty,log,lilypad,lilypad
137,empty,log,lilypad,out-bounds
138,empty,log,out-bounds,empty
139,empty,log,out-bounds,water
140,empty,log,out-bounds,car
141,empty,log,out-bounds,log
142,empty,log,out-bounds,lilypad
143,empty,log,out-bounds,out-bounds
144,empty,lilypad,empty,empty
145,empty,lilypad,empty,water
146,empty,lilypad,empty,car
147,empty,lilypad,empty,log
148,empty,lilypad,empty,lilypad
149,empty,lilypad,empty,out-bounds
150,empty,lilypad,water,empty
151,empty,lilypad,water,water
152,empty,lilypad,water,car
153,empty,lilypad,water,log
154,empty,lilypad,water,lilypad
155,empty,lilypad,water,out-bounds
156,empty,lilypad,car,empty
157,empty,lilypad,car,water
158,empty,lilypad,car,car
159,empty,lilypad,car,log
160,empty,lilypad,car,lilypad
161,empty,lilypad,car,out-bounds
162,empty,lilypad,log,empty
163,empty,lilypad,log,water
164,empty,lilypad,log,car
165,empty,lilypad,log,log
166,empty,lilypad,log,lilypad
167,empty,lilypad,log,out-bounds
168,empty,lilypad,lilypad,empty
169,empty,lilypad,lilypad,water
170,empty,lilypad,lilypad,car
171,empty,lilypad,lilypad,log
172,empty,lilypad,lilypad,lilypad
173,empty,lilypad,lilypad,out-bounds
174,empty,lilypad,out-bounds,empty
175,empty,lilypad,out-bounds,water
176,empty,lilypad,out-bounds,car
177,empty,lilypad,out-bounds,log
178,empty,lilypad,out-bounds,lilypad
179,empty,lilypad,out-bounds,out-bounds
180,empty,out-bounds,empty,empty
181,empty,out-bounds,empty,water
182,empty,out-bounds,empty,car
183,empty,out-bounds,empty,log
184,empty,out-bounds,empty,lilypad
185,empty,out-bounds,empty,out-bounds
186,empty,out-bounds,water,empty
187,empty,out-bounds,water,water
188,empty,out-bounds,water,car
189,empty,out-bounds,water,log
190,empty,out-bounds,water,lilypad
191,empty,out-bounds,water,out-bounds
192,empty,out-bounds,car,empty
193,empty,out-bounds,car,water
194,empty,out-bounds,car,car
195,empty,out-bounds,car,log
196,empty,out-bounds,car,lilypad
197,empty,out-bounds,car,out-bounds
198,empty,out-bounds,log,empty
199,empty,out-bounds,log,water
200,empty,out-bounds,log,car
201,empty,out-bounds,log,log
202,empty,out-bounds,log,lilypad
203,empty,out-bounds,log,out-bounds
204,empty,out-bounds,lilypad,empty
205,empty,out-bounds,lilypad,water
206,empty,out-bounds,lilypad,car
207,empty,out-bounds,lilypad,log
208,empty,out-bounds,lilypad,lilypad
209,empty,out-bounds,lilypad,out-bounds
210,empty,out-bounds,out-bounds,empty
211,empty,out-bounds,out-bounds,water
212,empty,out-bounds,out-bounds,car
213,empty,out-bounds,out-bounds,log
214,empty,out-bounds,out-bounds,lilypad
215,empty,out-bounds,out-bounds,out-bounds
216,water,empty,empty,empty
217,water,empty,empty,water
218,water,empty,empty,car
219,water,empty,empty,log
220,water,empty,empty,lilypad
221,water,empty,empty,out-bounds
222,water,empty,water,empty
223,water,empty,water,water
224,water,empty,water,car
225,water,empty,water,log
226,water,empty,water,lilypad
227,water,empty,water,out-bounds
228,water,empty,car,empty
229,water,empty,car,water
230,water,empty,car,car
231,water,empty,car,log
232,water,empty,car,lilypad
233,water,empty,car,out-bounds
234,water,empty,log,empty
235,water,empty,log,water
236,water,empty,log,car
237,water,empty,log,log
238,water,empty,log,lilypad
239,water,empty,log,out-bounds
240,water,empty,lilypad,empty
241,water,empty,lilypad,water
242,water,empty,lilypad,car
243,water,empty,lilypad,log
244,water,empty,lilypad,lilypad
245,water,empty,lilypad,out-bounds
246,water,empty,out-bounds,empty
247,water,empty,out-bounds,water
248,water,empty,out-bounds,car
249,water,empty,out-bounds,log
250,water,empty,out-bounds,lilypad
251,water,empty,out-bounds,out-bounds
252,water,water,empty,empty
253,water,water,empty,water
254,water,water,empty,car
255,water,water,empty,log
256,water,water,empty,lilypad
257,water,water,empty,out-bounds
258,water,water,water,empty
259,water,water,water,water
260,water,water,water,car
261,water,water,water,log
262,water,water,water,lilypad
263,water,water,water,out-bounds
264,water,water,car,empty
265,water,water,car,water
266,water,water,car,car
267,water,water,car,log
268,water,water,car,lilypad
269,water,water,car,out-bounds
270,water,water,log,empty
271,water,water,log,water
272,water,water,log,car
273,water,water,log,log
274,water,water,log,lilypad
275,water,water,log,out-bounds
276,water,water,lilypad,empty
277,water,water,lilypad,water
278,water,water,lilypad,car
279,water,water,lilypad,log
280,water,water,lilypad,lilypad
281,water,water,lilypad,out-bounds
282,water,water,out-bounds,empty
283,water,water,out-bounds,water
284,water,water,out-bounds,car
285,water,water,out-bounds,log
286,water,water,out-bounds,lilypad
287,water,water,out-bounds,out-bounds
288,water,car,empty,empty
289,water,car,empty,water
290,water,car,empty,car
291,water,car,empty,log
292,water,car,empty,lilypad
293,water,car,empty,out-bounds
294,water,car,water,empty
295,water,car,water,water
296,water,car,water,car
297,water,car,water,log
298,water,car,water,lilypad
299,water,car,water,out-bounds
300,water,car,car,empty
301,water,car,car,water
302,water,car,car,car
303,water,car,car,log
304,water,car,car,lilypad
305,water,car,car,out-bounds
306,water,car,log,empty
307,water,car,log,water
308,water,car,log,car
309,water,car,log,log
310,water,car,log,lilypad
311,water,car,log,out-bounds
312,water,car,lilypad,empty
313,water,car,lilypad,water
314,water,car,lilypad,car
315,water,car,lilypad,log
316,water,car,lilypad,lilypad
317,water,car,lilypad,out-bounds
318,water,car,out-bounds,empty
319,water,car,out-bounds,water
320,water,car,out-bounds,car
321,water,car,out-bounds,log
322,water,car,out-bounds,lilypad
323,water,car,out-bounds,out-bounds
324,water,log,empty,empty
325,water,log,empty,water
326,water,log,empty,car
327,water,log,empty,log
328,water,log,empty,lilypad
329,water,log,empty,out-bounds
330,water,log,water,empty
331,water,log,water,water
332,water,log,water,car
333,water,log,water,log
334,water,log,water,lilypad
335,water,log,water,out-bounds
336,water,log,car,empty
337,water,log,car,water
338,water,log,car,car
339,water,log,car,log
340,water,log,car,lilypad
341,water,log,car,out-bounds
342,water,log,log,empty
343,water,log,log,water
344,water,log,log,car
345,water,log,log,log
346,water,log,log,lilypad
347,water,log,log,out-bounds
348,water,log,lilypad,empty
349,water,log,lilypad,water
350,water,log,lilypad,car
351,water,log,lilypad,log
352,water,log,lilypad,lilypad
353,water,log,lilypad,out-bounds
354,water,log,out-bounds,empty
355,water,log,out-bounds,water
356,water,log,out-bounds,car
357,water,log,out-bounds,log
358,water,log,out-bounds,lilypad
359,water,log,out-bounds,out-bounds
360,water,lilypad,empty,empty
361,water,lilypad,empty,water
362,water,lilypad,empty,car
363,water,lilypad,empty,log
364,water,lilypad,empty,lilypad
365,water,lilypad,empty,out-bounds
366,water,lilypad,water,empty
367,water,lilypad,water,water
368,water,lilypad,water,car
369,water,lilypad,water,log
370,water,lilypad,water,lilypad
371,water,lilypad,water,out-bounds
372,water,lilypad,car,empty
373,water,lilypad,car,water
374,water,lilypad,car,car
375,water,lilypad,car,log
376,water,lilypad,car,lilypad
377,water,lilypad,car,out-bounds
378,water,lilypad,log,empty
379,water,lilypad,log,water
380,water,lilypad,log,car
381,water,lilypad,log,log
382,water,lilypad,log,lilypad
383,water,lilypad,log,out-bounds
384,water,lilypad,lilypad,empty
385,water,lilypad,lilypad,water
386,water,lilypad,lilypad,car
387,water,lilypad,lilypad,log
388,water,lilypad,lilypad,lilypad
389,water,lilypad,lilypad,out-bounds
390,water,lilypad,out-bounds,empty
391,water,lilypad,out-bounds,water
392,water,lilypad,out-bounds,car
393,water,lilypad,out-bounds,log
394,water,lilypad,out-bounds,lilypad
395,water,lilypad,out-bounds,out-bounds
396,water,out-bounds,empty,empty
397,water,out-bounds,empty,water
398,water,out-bounds,empty,car
399,water,out-bounds,empty,log
400,water,out-bounds,empty,lilypad
401,water,out-bounds,empty,out-bounds
402,water,out-bounds,water,empty
403,water,out-bounds,water,water
404,water,out-bounds,water,car
405,water,out-bounds,water,log
406,water,out-bounds,water,lilypad
407,water,out-bounds,water,out-bounds
408,water,out-bounds,car,empty
409,water,out-bounds,car,water
410,water,out-bounds,car,car
411,water,out-bounds,car,log
412,water,out-bounds,car,lilypad
413,water,out-bounds,car,out-bounds
414,water,out-bounds,log,empty
415,water,out-bounds,log,water
416,water,out-bounds,log,car
417,water,out-bounds,log,log
418,water,out-bounds,log,lilypad
419,water,out-bounds,log,out-bounds
420,water,out-bounds,lilypad,empty
421,water,out-bounds,lilypad,water
422,water,out-bounds,lilypad,car
423,water,out-bounds,lilypad,log
424,water,out-bounds,lilypad,lilypad
425,water,out-bounds,lilypad,out-bounds
426,water,out-bounds,out-bounds,empty
427,water,out-bounds,out-bounds,water
428,water,out-bounds,out-bounds,car
429,water,out-bounds,out-bounds,log
430,water,out-bounds,out-bounds,lilypad
431,water,out-bounds,out-bounds,out-bounds
432,car,empty,empty,empty
433,car,empty,empty,water
434,car,empty,empty,car
435,car,empty,empty,log
436,car,empty,empty,lilypad
437,car,empty,empty,out-bounds
438,car,empty,water,empty
439,car,empty,water,water
440,car,empty,water,car
441,car,empty,water,log
442,car,empty,water,lilypad
443,car,empty,water,out-bounds
444,car,empty,car,empty
445,car,empty,car,water
446,car,empty,car,car
447,car,empty,car,log
448,car,empty,car,lilypad
449,car,empty,car,out-bounds
450,car,empty,log,empty
451,car,empty,log,water
452,car,empty,log,car
453,car,empty,log,log
454,car,empty,log,lilypad
455,car,empty,log,out-bounds
456,car,empty,lilypad,empty
457,car,empty,lilypad,water
458,car,empty,lilypad,car
459,car,empty,lilypad,log
460,car,empty,lilypad,lilypad
461,car,empty,lilypad,out-bounds
462,car,empty,out-bounds,empty
463,car,empty,out-bounds,water
464,car,empty,out-bounds,car
465,car,empty,out-bounds,log
466,car,empty,out-bounds,lilypad
467,car,empty,out-bounds,out-bounds
468,car,water,empty,empty
469,car,water,empty,water
470,car,water,empty,car
471,car,water,empty,log
472,car,water,empty,lilypad
473,car,water,empty,out-bounds
474,car,water,water,empty
475,car,water,water,water
476,car,water,water,car
477,car,water,water,log
478,car,water,water,lilypad
479,car,water,water,out-bounds
480,car,water,car,empty
481,car,water,car,water
482,car,water,car,car
483,car,water,car,log
484,car,water,car,lilypad
485,car,water,car,out-bounds
486,car,water,log,empty
487,car,water,log,water
488,car,water,log,car
489,car,water,log,log
490,car,water,log,lilypad
491,car,water,log,out-bounds
492,car,water,lilypad,empty
493,car,water,lilypad,water
494,car,water,lilypad,car
495,car,water,lilypad,log
496,car,water,lilypad,lilypad
497,car,water,lilypad,out-bounds
498,car,water,out-bounds,empty
499,car,water,out-bounds,water
500,car,water,out-bounds,car
501,car,water,out-bounds,log
502,car,water,out-bounds,lilypad
503,car,water,out-bounds,out-bounds
504,car,car,empty,empty
505,car,car,empty,water
506,car,car,empty,car
507,car,car,empty,log
508,car,car,empty,lilypad
509,car,car,empty,out-bounds
510,car,car,water,empty
511,car,car,water,water
512,car,car,water,car
513,car,car,water,log
514,car,car,water,lilypad
515,car,car,water,out-bounds
516,car,car,car,empty
517,car,car,car,water
518,car,car,car,car
519,car,car,car,log
520,car,car,car,lilypad
521,car,car,car,out-bounds
522,car,car,log,empty
523,car,car,log,water
524,car,car,log,car
525,car,car,log,log
526,car,car,log,lilypad
527,car,car,log,out-bounds
528,car,car,lilypad,empty
529,car,car,lilypad,water
530,car,car,lilypad,car
531,car,car,lilypad,log
532,car,car,lilypad,lilypad
533,car,car,lilypad,out-bounds
534,car,car,out-bounds,empty
535,car,car,out-bounds,water
536,car,car,out-bounds,car
537,car,car,out-bounds,log
538,car,car,out-bounds,lilypad
539,car,car,out-bounds,out-bounds
540,car,log,empty,empty
541,car,log,empty,water
542,car,log,empty,car
543,car,log,empty,log
544,car,log,empty,lilypad
545,car,log,empty,out-bounds
546,car,log,water,empty
547,car,log,water,water
548,car,log,water,car
549,car,log,water,log
550,car,log,water,lilypad
551,car,log,water,out-bounds
552,car,log,car,empty
553,car,log,car,water
554,car,log,car,car
555,car,log,car,log
556,car,log,car,lilypad
557,car,log,car,out-bounds
558,car,log,log,empty
559,car,log,log,water
560,car,log,log,car
561,car,log,log,log
562,car,log,log,lilypad
563,car,log,log,out-bounds
564,car,log,lilypad,empty
565,car,log,lilypad,water
566,car,log,lilypad,car
567,car,log,lilypad,log
568,car,log,lilypad,lilypad
569,car,log,lilypad,out-bounds
570,car,log,out-bounds,empty
571,car,log,out-bounds,water
572,car,log,out-bounds,car
573,car,log,out-bounds,log
574,car,log,out-bounds,lilypad
575,car,log,out-bounds,out-bounds
576,car,lilypad,empty,empty
577,car,lilypad,empty,water
578,car,lilypad,empty,car
579,car,lilypad,empty,log
580,car,lilypad,empty,lilypad
581,car,lilypad,empty,out-bounds
582,car,lilypad,water,empty
583,car,lilypad,water,water
584,car,lilypad,water,car
585,car,lilypad,water,log
586,car,lilypad,water,lilypad
587,car,lilypad,water,out-bounds
588,car,lilypad,car,empty
589,car,lilypad,car,water
590,car,lilypad,car,car
591,car,lilypad,car,log
592,car,lilypad,car,lilypad
593,car,lilypad,car,out-bounds
594,car,lilypad,log,empty
595,car,lilypad,log,water
596,car,lilypad,log,car
597,car,lilypad,log,log
598,car,lilypad,log,lilypad
599,car,lilypad,log,out-bounds
600,car,lilypad,lilypad,empty
601,car,lilypad,lilypad,water
602,car,lilypad,lilypad,car
603,car,lilypad,lilypad,log
604,car,lilypad,lilypad,lilypad
605,car,lilypad,lilypad,out-bounds
606,car,lilypad,out-bounds,empty
607,car,lilypad,out-bounds,water
608,car,lilypad,out-bounds,car
609,car,lilypad,out-bounds,log
610,car,lilypad,out-bounds,lilypad
611,car,lilypad,out-bounds,out-bounds
612,car,out-bounds,empty,empty
613,car,out-bounds,empty,water
614,car,out-bounds,empty,car
615,car,out-bounds,empty,log
616,car,out-bounds,empty,lilypad
617,car,out-bounds,empty,out-bounds
618,car,out-bounds,water,empty
619,car,out-bounds,water,water
620,car,out-bounds,water,car
621,car,out-bounds,water,log
622,car,out-bounds,water,lilypad
623,car,out-bounds,water,out-bounds
624,car,out-bounds,car,empty
625,car,out-bounds,car,water
626,car,out-bounds,car,car
627,car,out-bounds,car,log
628,car,out-bounds,car,lilypad
629,car,out-bounds,car,out-bounds
630,car,out-bounds,log,empty
631,car,out-bounds,log,water
632,car,out-bounds,log,car
633,car,out-bounds,log,log
634,car,out-bounds,log,lilypad
635,car,out-bounds,log,out-bounds
636,car,out-bounds,lilypad,empty
637,car,out-bounds,lilypad,water
638,car,out-bounds,lilypad,car
639,car,out-bounds,lilypad,log
640,car,out-bounds,lilypad,lilypad
641,car,out-bounds,lilypad,out-bounds
642,car,out-bounds,out-bounds,empty
643,car,out-bounds,out-bounds,water
644,car,out-bounds,out-bounds,car
645,car,out-bounds,out-bounds,log
646,car,out-bounds,out-bounds,lilypad
647,car,out-bounds,out-bounds,out-bounds
648,log,empty,empty,empty
649,log,empty,empty,water
650,log,empty,empty,car
651,log,empty,empty,log
652,log,empty,empty,lilypad
653,log,empty,empty,out-bounds
654,log,empty,water,empty
655,log,empty,water,water
656,log,empty,water,car
657,log,empty,water,log
658,log,empty,water,lilypad
659,log,empty,water,out-bounds
660,log,empty,car,empty
661,log,empty,car,water
662,log,empty,car,car
663,log,empty,car,log
664,log,empty,car,lilypad
665,log,empty,car,out-bounds
666,log,empty,log,empty
667,log,empty,log,water
668,log,empty,log,car
669,log,empty,log,log
670,log,empty,log,lilypad
671,log,empty,log,out-bounds
672,log,empty,lilypad,empty
673,log,empty,lilypad,water
674,log,empty,lilypad,car
675,log,empty,lilypad,log
676,log,empty,lilypad,lilypad
677,log,empty,lilypad,out-bounds
678,log,empty,out-bounds,empty
679,log,empty,out-bounds,water
680,log,empty,out-bounds,car
681,log,empty,out-bounds,log
682,log,empty,out-bounds,lilypad
683,log,empty,out-bounds,out-bounds
684,log,water,empty,empty
685,log,water,empty,water
686,log,water,empty,car
687,log,water,empty,log
688,log,water,empty,lilypad
689,log,water,empty,out-bounds
690,log,water,water,empty
691,log,water,water,water
692,log,water,water,car
693,log,water,water,log
694,log,water,water,lilypad
695,log,water,water,out-bounds
696,log,water,car,empty
697,log,water,car,water
698,log,water,car,car
699,log,water,car,log
700,log,water,car,lilypad
701,log,water,car,out-bounds
702,log,water,log,empty
703,log,water,log,water
704,log,water,log,car
705,log,water,log,log
706,log,water,log,lilypad
707,log,water,log,out-bounds
708,log,water,lilypad,empty
709,log,water,lilypad,water
710,log,water,lilypad,car
711,log,water,lilypad,log
712,log,water,lilypad,lilypad
713,log,water,lilypad,out-bounds
714,log,water,out-bounds,empty
715,log,water,out-bounds,water
716,log,water,out-bounds,car
717,log,water,out-bounds,log
718,log,water,out-bounds,lilypad
719,log,water,out-bounds,out-bounds
720,log,car,empty,empty
721,log,car,empty,water
722,log,car,empty,car
723,log,car,empty,log
724,log,car,empty,lilypad
725,log,car,empty,out-bounds
726,log,car,water,empty
727,log,car,water,water
728,log,car,water,car
729,log,car,water,log
730,log,car,water,lilypad
731,log,car,water,out-bounds
732,log,car,car,empty
733,log,car,car,water
734,log,car,car,car
735,log,car,car,log
736,log,car,car,lilypad
737,log,car,car,out-bounds
738,log,car,log,empty
739,log,car,log,water
740,log,car,log,car
741,log,car,log,log
742,log,car,log,lilypad
743,log,car,log,out-bounds
744,log,car,lilypad,empty
745,log,car,lilypad,water
746,log,car,lilypad,car
747,log,car,lilypad,log
748,log,car,lilypad,lilypad
749,log,car,lilypad,out-bounds
750,log,car,out-bounds,empty
751,log,car,out-bounds,water
752,log,car,out-bounds,car
753,log,car,out-bounds,log
754,log,car,out-bounds,lilypad
755,log,car,out-bounds,out-bounds
756,log,log,empty,empty
757,log,log,empty,water
758,log,log,empty,car
759,log,log,empty,log
760,log,log,empty,lilypad
761,log,log,empty,out-bounds
762,log,log,water,empty
763,log,log,water,water
764,log,log,water,car
765,log,log,water,log
766,log,log,water,lilypad
767,log,log,water,out-bounds
768,log,log,car,empty
769,log,log,car,water
770,log,log,car,car
771,log,log,car,log
772,log,log,car,lilypad
773,log,log,car,out-bounds
774,log,log,log,empty
775,log,log,log,water
776,log,log,log,car
777,log,log,log,log
778,log,log,log,lilypad
779,log,log,log,out-bounds
780,log,log,lilypad,empty
781,log,log,lilypad,water
782,log,log,lilypad,car
783,log,log,lilypad,log
784,log,log,lilypad,lilypad
785,log,log,lilypad,out-bounds
786,log,log,out-bounds,empty
787,log,log,out-bounds,water
788,log,log,out-bounds,car
789,log,log,out-bounds,log
790,log,log,out-bounds,lilypad
791,log,log,out-bounds,out-bounds
792,log,lilypad,empty,empty
793,log,lilypad,empty,water
794,log,lilypad,empty,car
795,log,lilypad,empty,log
796,log,lilypad,empty,lilypad
797,log,lilypad,empty,out-bounds
798,log,lilypad,water,empty
799,log,lilypad,water,water
800,log,lilypad,water,car
801,log,lilypad,water,log
802,log,lilypad,water,lilypad
803,log,lilypad,water,out-bounds
804,log,lilypad,car,empty
805,log,lilypad,car,water
806,log,lilypad,car,car
807,log,lilypad,car,log
808,log,lilypad,car,lilypad
809,log,lilypad,car,out-bounds
810,log,lilypad,log,empty
811,log,lilypad,log,water
812,log,lilypad,log,car
813,log,lilypad,log,log
814,log,lilypad,log,lilypad
815,log,lilypad,log,out-bounds
816,log,lilypad,lilypad,empty
817,log,lilypad,lilypad,water
818,log,lilypad,lilypad,car
819,log,lilypad,lilypad,log
820,log,lilypad,lilypad,lilypad
821,log,lilypad,lilypad,out-bounds
822,log,lilypad,out-bounds,empty
823,log,lilypad,out-bounds,water
824,log,lilypad,out-bounds,car
825,log,lilypad,out-bounds,log
826,log,lilypad,out-bounds,lilypad
827,log,lilypad,out-bounds,out-bounds
828,log,out-bounds,empty,empty
829,log,out-bounds,empty,water
830,log,out-bounds,empty,car
831,log,out-bounds,empty,log
832,log,out-bounds,empty,lilypad
833,log,out-bounds,empty,out-bounds
834,log,out-bounds,water,empty
835,log,out-bounds,water,water
836,log,out-bounds,water,car
837,log,out-bounds,water,log
838,log,out-bounds,water,lilypad
839,log,out-bounds,water,out-bounds
840,log,out-bounds,car,empty
841,log,out-bounds,car,water
842,log,out-bounds,car,car
843,log,out-bounds,car,log
844,log,out-bounds,car,lilypad
845,log,out-bounds,car,out-bounds
846,log,out-bounds,log,empty
847,log,out-bounds,log,water
848,log,out-bounds,log,car
849,log,out-bounds,log,log
850,log,out-bounds,log,lilypad
851,log,out-bounds,log,out-bounds
852,log,out-bounds,lilypad,empty
853,log,out-bounds,lilypad,water
854,log,out-bounds,lilypad,car
855,log,out-bounds,lilypad,log
856,log,out-bounds,lilypad,lilypad
857,log,out-bounds,lilypad,out-bounds
858,log,out-bounds,out-bounds,empty
859,log,out-bounds,out-bounds,water
860,log,out-bounds,out-bounds,car
861,log,out-bounds,out-bounds,log
862,log,out-bounds,out-bounds,lilypad
863,log,out-bounds,out-bounds,out-bounds
864,lilypad,empty,empty,empty
865,lilypad,empty,empty,water
866,lilypad,empty,empty,car
867,lilypad,empty,empty,log
868,lilypad,empty,empty,lilypad
869,lilypad,empty,empty,out-bounds
870,lilypad,empty,water,empty
871,lilypad,empty,water,water
872,lilypad,empty,water,car
873,lilypad,empty,water,log
874,lilypad,empty,water,lilypad
875,lilypad,empty,water,out-bounds
876,lilypad,empty,car,empty
877,lilypad,empty,car,water
878,lilypad,empty,car,car
879,lilypad,empty,car,log
880,lilypad,empty,car,lilypad
881,lilypad,empty,car,out-bounds
882,lilypad,empty,log,empty
883,lilypad,empty,log,water
884,lilypad,empty,log,car
885,lilypad,empty,log,log
886,lilypad,empty,log,lilypad
887,lilypad,empty,log,out-bounds
888,lilypad,empty,lilypad,empty
889,lilypad,empty,lilypad,water
890,lilypad,empty,lilypad,car
891,lilypad,empty,lilypad,log
892,lilypad,empty,lilypad,lilypad
893,lilypad,empty,lilypad,out-bounds
894,lilypad,empty,out-bounds,empty
895,lilypad,empty,out-bounds,water
896,lilypad,empty,out-bounds,car
897,lilypad,empty,out-bounds,log
898,lilypad,empty,out-bounds,lilypad
899,lilypad,empty,out-bounds,out-bounds
900,lilypad,water,empty,empty
901,lilypad,water,empty,water
902,lilypad,water,empty,car
903,lilypad,water,empty,log
904,lilypad,water,empty,lilypad
905,lilypad,water,empty,out-bounds
906,lilypad,water,water,empty
907,lilypad,water,water,water
908,lilypad,water,water,car
909,lilypad,water,water,log
910,lilypad,water,water,lilypad
911,lilypad,water,water,out-bounds
912,lilypad,water,car,empty
913,lilypad,water,car,water
914,lilypad,water,car,car
915,lilypad,water,car,log
916,lilypad,water,car,lilypad
917,lilypad,water,car,out-bounds
918,lilypad,water,log,empty
919,lilypad,water,log,water
920,lilypad,water,log,car
921,lilypad,water,log,log
922,lilypad,water,log,lilypad
923,lilypad,water,log,out-bounds
924,lilypad,water,lilypad,empty
925,lilypad,water,lilypad,water
926,lilypad,water,lilypad,car
927,lilypad,water,lilypad,log
928,lilypad,water,lilypad,lilypad
929,lilypad,water,lilypad,out-bounds
930,lilypad,water,out-bounds,empty
931,lilypad,water,out-bounds,water
932,lilypad,water,out-bounds,car
933,lilypad,water,out-bounds,log
934,lilypad,water,out-bounds,lilypad
935,lilypad,water,out-bounds,out-bounds
936,lilypad,car,empty,empty
937,lilypad,car,empty,water
938,lilypad,car,empty,car
939,lilypad,car,empty,log
940,lilypad,car,empty,lilypad
941,lilypad,car,empty,out-bounds
942,lilypad,car,water,empty
943,lilypad,car,water,water
944,lilypad,car,water,car
945,lilypad,car,water,log
946,lilypad,car,water,lilypad
947,lilypad,car,water,out-bounds
948,lilypad,car,car,empty
949,lilypad,car,car,water
950,lilypad,car,car,car
951,lilypad,car,car,log
952,lilypad,car,car,lilypad
953,lilypad,car,car,out-bounds
954,lilypad,car,log,empty
955,lilypad,car,log,water
956,lilypad,car,log,car
957,lilypad,car,log,log
958,lilypad,car,log,lilypad
959,lilypad,car,log,out-bounds
960,lilypad,car,lilypad,empty
961,lilypad,car,lilypad,water
962,lilypad,car,lilypad,car
963,lilypad,car,lilypad,log
964,lilypad,car,lilypad,lilypad
965,lilypad,car,lilypad,out-bounds
966,lilypad,car,out-bounds,empty
967,lilypad,car,out-bounds,water
968,lilypad,car,out-bounds,car
969,lilypad,car,out-bounds,log
970,lilypad,car,out-bounds,lilypad
971,lilypad,car,out-bounds,out-bounds
972,lilypad,log,empty,empty
973,lilypad,log,empty,water
974,lilypad,log,empty,car
975,lilypad,log,empty,log
976,lilypad,log,empty,lilypad
977,lilypad,log,empty,out-bounds
978,lilypad,log,water,empty
979,lilypad,log,water,water
980,lilypad,log,water,car
981,lilypad,log,water,log
982,lilypad,log,water,lilypad
983,lilypad,log,water,out-bounds
984,lilypad,log,car,empty
985,lilypad,log,car,water
986,lilypad,log,car,car
987,lilypad,log,car,log
988,lilypad,log,car,lilypad
989,lilypad,log,car,out-bounds
990,lilypad,log,log,empty
991,lilypad,log,log,water
992,lilypad,log,log,car
993,lilypad,log,log,log
994,lilypad,log,log,lilypad
995,lilypad,log,log,out-bounds
996,lilypad,log,lilypad,empty
997,lilypad,log,lilypad,water
998,lilypad,log,lilypad,car
999,lilypad,log,lilypad,log
1000,lilypad,log,lilypad,lilypad
1001,lilypad,log,lilypad,out-bounds
1002,lilypad,log,out-bounds,empty
1003,lilypad,log,out-bounds,water
1004,lilypad,log,out-bounds,car
1005,lilypad,log,out-bounds,log
1006,lilypad,log,out-bounds,lilypad
1007,lilypad,log,out-bounds,out-bounds
1008,lilypad,lilypad,empty,empty
1009,lilypad,lilypad,empty,water
1010,lilypad,lilypad,empty,car
1011,lilypad,lilypad,empty,log
1012,lilypad,lilypad,empty,lilypad
1013,lilypad,lilypad,empty,out-bounds
1014,lilypad,lilypad,water,empty
1015,lilypad,lilypad,water,water
1016,lilypad,lilypad,water,car
1017,lilypad,lilypad,water,log
1018,lilypad,lilypad,water,lilypad
1019,lilypad,lilypad,water,out-bounds
1020,lilypad,lilypad,car,empty
1021,lilypad,lilypad,car,water
1022,lilypad,lilypad,car,car
1023,lilypad,lilypad,car,log
1024,lilypad,lilypad,car,lilypad
1025,lilypad,lilypad,car,out-bounds
1026,lilypad,lilypad,log,empty
1027,lilypad,lilypad,log,water
1028,lilypad,lilypad,log,car
1029,lilypad,lilypad,log,log
1030,lilypad,lilypad,log,lilypad
1031,lilypad,lilypad,log,out-bounds
1032,lilypad,lilypad,lilypad,empty
1033,lilypad,lilypad,lilypad,water
1034,lilypad,lilypad,lilypad,car
1035,lilypad,lilypad,lilypad,log
1036,lilypad,lilypad,lilypad,lilypad
1037,lilypad,lilypad,lilypad,out-bounds
1038,lilypad,lilypad,out-bounds,empty
1039,lilypad,lilypad,out-bounds,water
1040,lilypad,lilypad,out-bounds,car
1041,lilypad,lilypad,out-bounds,log
1042,lilypad,lilypad,out-bounds,lilypad
1043,lilypad,lilypad,out-bounds,out-bounds
1044,lilypad,out-bounds,empty,empty
1045,lilypad,out-bounds,empty,water
1046,lilypad,out-bounds,empty,car
1047,lilypad,out-bounds,empty,log
1048,lilypad,out-bounds,empty,lilypad
1049,lilypad,out-bounds,empty,out-bounds
1050,lilypad,out-bounds,water,empty
1051,lilypad,out-bounds,water,water
1052,lilypad,out-bounds,water,car
1053,lilypad,out-bounds,water,log
1054,lilypad,out-bounds,water,lilypad
1055,lilypad,out-bounds,water,out-bounds
1056,lilypad,out-bounds,car,empty
1057,lilypad,out-bounds,car,water
1058,lilypad,out-bounds,car,car
1059,lilypad,out-bounds,car,log
1060,lilypad,out-bounds,car,lilypad
1061,lilypad,out-bounds,car,out-bounds
1062,lilypad,out-bounds,log,empty
1063,lilypad,out-bounds,log,water
1064,lilypad,out-bounds,log,car
1065,lilypad,out-bounds,log,log
1066,lilypad,out-bounds,log,lilypad
1067,lilypad,out-bounds,log,out-bounds
1068,lilypad,out-bounds,lilypad,empty
1069,lilypad,out-bounds,lilypad,water
1070,lilypad,out-bounds,lilypad,car
1071,lilypad,out-bounds,lilypad,log
1072,lilypad,out-bounds,lilypad,lilypad
1073,lilypad,out-bounds,lilypad,out-bounds
1074,lilypad,out-bounds,out-bounds,empty
1075,lilypad,out-bounds,out-bounds,water
1076,lilypad,out-bounds,out-bounds,car
1077,lilypad,out-bounds,out-bounds,log
1078,lilypad,out-bounds,out-bounds,lilypad
1079,lilypad,out-bounds,out-bounds,out-bounds
1080,out-bounds,empty,empty,empty
1081,out-bounds,empty,empty,water
1082,out-bounds,empty,empty,car
1083,out-bounds,empty,empty,log
1084,out-bounds,empty,empty,lilypad
1085,out-bounds,empty,empty,out-bounds
1086,out-bounds,empty,water,empty
1087,out-bounds,empty,water,water
1088,out-bounds,empty,water,car
1089,out-bounds,empty,water,log
1090,out-bounds,empty,water,lilypad
1091,out-bounds,empty,water,out-bounds
1092,out-bounds,empty,car,empty
1093,out-bounds,empty,car,water
1094,out-bounds,empty,car,car
1095,out-bounds,empty,car,log
1096,out-bounds,empty,car,lilypad
1097,out-bounds,empty,car,out-bounds
1098,out-bounds,empty,log,empty
1099,out-bounds,empty,log,water
1100,out-bounds,empty,log,car
1101,out-bounds,empty,log,log
1102,out-bounds,empty,log,lilypad
1103,out-bounds,empty,log,out-bounds
1104,out-bounds,empty,lilypad,empty
1105,out-bounds,empty,lilypad,water
1106,out-bounds,empty,lilypad,car
1107,out-bounds,empty,lilypad,log
1108,out-bounds,empty,lilypad,lilypad
1109,out-bounds,empty,lilypad,out-bounds
1110,out-bounds,empty,out-bounds,empty
1111,out-bounds,empty,out-bounds,water
1112,out-bounds,empty,out-bounds,car
1113,out-bounds,empty,out-bounds,log
1114,out-bounds,empty,out-bounds,lilypad
1115,out-bounds,empty,out-bounds,out-bounds
1116,out-bounds,water,empty,empty
1117,out-bounds,water,empty,water
1118,out-bounds,water,empty,car
1119,out-bounds,water,empty,log
1120,out-bounds,water,empty,lilypad
1121,out-bounds,water,empty,out-bounds
1122,out-bounds,water,water,empty
1123,out-bounds,water,water,water
1124,out-bounds,water,water,car
1125,out-bounds,water,water,log
1126,out-bounds,water,water,lilypad
1127,out-bounds,water,water,out-bounds
1128,out-bounds,water,car,empty
1129,out-bounds,water,car,water
1130,out-bounds,water,car,car
1131,out-bounds,water,car,log
1132,out-bounds,water,car,lilypad
1133,out-bounds,water,car,out-bounds
1134,out-bounds,water,log,empty
1135,out-bounds,water,log,water
1136,out-bounds,water,log,car
1137,out-bounds,water,log,log
1138,out-bounds,water,log,lilypad
1139,out-bounds,water,log,out-bounds
1140,out-bounds,water,lilypad,empty
1141,out-bounds,water,lilypad,water
1142,out-bounds,water,lilypad,car
1143,out-bounds,water,lilypad,log
1144,out-bounds,water,lilypad,lilypad
1145,out-bounds,water,lilypad,out-bounds
1146,out-bounds,water,out-bounds,empty
1147,out-bounds,water,out-bounds,water
1148,out-bounds,water,out-bounds,car
1149,out-bounds,water,out-bounds,log
1150,out-bounds,water,out-bounds,lilypad
1151,out-bounds,water,out-bounds,out-bounds
1152,out-bounds,car,empty,empty
1153,out-bounds,car,empty,water
1154,out-bounds,car,empty,car
1155,out-bounds,car,empty,log
1156,out-bounds,car,empty,lilypad
1157,out-bounds,car,empty,out-bounds
1158,out-bounds,car,water,empty
1159,out-bounds,car,water,water
1160,out-bounds,car,water,car
1161,out-bounds,car,water,log
1162,out-bounds,car,water,lilypad
1163,out-bounds,car,water,out-bounds
1164,out-bounds,car,car,empty
1165,out-bounds,car,car,water
1166,out-bounds,car,car,car
1167,out-bounds,car,car,log
1168,out-bounds,car,car,lilypad
1169,out-bounds,car,car,out-bounds
1170,out-bounds,car,log,empty
1171,out-bounds,car,log,water
1172,out-bounds,car,log,car
1173,out-bounds,car,log,log
1174,out-bounds,car,log,lilypad
1175,out-bounds,car,log,out-bounds
1176,out-bounds,car,lilypad,empty
1177,out-bounds,car,lilypad,water
1178,out-bounds,car,lilypad,car
1179,out-bounds,car,lilypad,log
1180,out-bounds,car,lilypad,lilypad
1181,out-bounds,car,lilypad,out-bounds
1182,out-bounds,car,out-bounds,empty
1183,out-bounds,car,out-bounds,water
1184,out-bounds,car,out-bounds,car
1185,out-bounds,car,out-bounds,log
1186,out-bounds,car,out-bounds,lilypad
1187,out-bounds,car,out-bounds,out-bounds
1188,out-bounds,log,empty,empty
1189,out-bounds,log,empty,water
1190,out-bounds,log,empty,car
1191,out-bounds,log,empty,log
1192,out-bounds,log,empty,lilypad
1193,out-bounds,log,empty,out-bounds
1194,out-bounds,log,water,empty
1195,out-bounds,log,water,water
1196,out-bounds,log,water,car
1197,out-bounds,log,water,log
1198,out-bounds,log,water,lilypad
1199,out-bounds,log,water,out-bounds
1200,out-bounds,log,car,empty
1201,out-bounds,log,car,water
1202,out-bounds,log,car,car
1203,out-bounds,log,car,log
1204,out-bounds,log,car,lilypad
1205,out-bounds,log,car,out-bounds
1206,out-bounds,log,log,empty
1207,out-bounds,log,log,water
1208,out-bounds,log,log,car
1209,out-bounds,log,log,log
1210,out-bounds,log,log,lilypad
1211,out-bounds,log,log,out-bounds
1212,out-bounds,log,lilypad,empty
1213,out-bounds,log,lilypad,water
1214,out-bounds,log,lilypad,car
1215,out-bounds,log,lilypad,log
1216,out-bounds,log,lilypad,lilypad
1217,out-bounds,log,lilypad,out-bounds
1218,out-bounds,log,out-bounds,empty
1219,out-bounds,log,out-bounds,water
1220,out-bounds,log,out-bounds,car
1221,out-bounds,log,out-bounds,log
1222,out-bounds,log,out-bounds,lilypad
1223,out-bounds,log,out-bounds,out-bounds
1224,out-bounds,lilypad,empty,empty
1225,out-bounds,lilypad,empty,water
1226,out-bounds,lilypad,empty,car
1227,out-bounds,lilypad,empty,log
1228,out-bounds,lilypad,empty,lilypad
1229,out-bounds,lilypad,empty,out-bounds
1230,out-bounds,lilypad,water,empty
1231,out-bounds,lilypad,water,water
1232,out-bounds,lilypad,water,car
1233,out-bounds,lilypad,water,log
1234,out-bounds,lilypad,water,lilypad
1235,out-bounds,lilypad,water,out-bounds
1236,out-bounds,lilypad,car,empty
1237,out-bounds,lilypad,car,water
1238,out-bounds,lilypad,car,car
1239,out-bounds,lilypad,car,log
1240,out-bounds,lilypad,car,lilypad
1241,out-bounds,lilypad,car,out-bounds
1242,out-bounds,lilypad,log,empty
1243,out-bounds,lilypad,log,water
1244,out-bounds,lilypad,log,car
1245,out-bounds,lilypad,log,log
1246,out-bounds,lilypad,log,lilypad
1247,out-bounds,lilypad,log,out-bounds
1248,out-bounds,lilypad,lilypad,empty
1249,out-bounds,lilypad,lilypad,water
1250,out-bounds,lilypad,lilypad,car
1251,out-bounds,lilypad,lilypad,log
1252,out-bounds,lilypad,lilypad,lilypad
1253,out-bounds,lilypad,lilypad,out-bounds
1254,out-bounds,lilypad,out-bounds,empty
1255,out-bounds,lilypad,out-bounds,water
1256,out-bounds,lilypad,out-bounds,car
1257,out-bounds,lilypad,out-bounds,log
1258,out-bounds,lilypad,out-bounds,lilypad
1259,out-bounds,lilypad,out-bounds,out-bounds
1260,out-bounds,out-bounds,empty,empty
1261,out-bounds,out-bounds,empty,water
1262,out-bounds,out-bounds,empty,car
1263,out-bounds,out-bounds,empty,log
1264,out-bounds,out-bounds,empty,lilypad
1265,out-bounds,out-bounds,empty,out-bounds
1266,out-bounds,out-bounds,water,empty
1267,out-bounds,out-bounds,water,water
1268,out-bounds,out-bounds,water,car
1269,out-bounds,out-bounds,water,log
1270,out-bounds,out-bounds,water,lilypad
1271,out-bounds,out-bounds,water,out-bounds
1272,out-bounds,out-bounds,car,empty
1273,out-bounds,out-bounds,car,water
1274,out-bounds,out-bounds,car,car
1275,out-bounds,out-bounds,car,log
1276,out-bounds,out-bounds,car,lilypad
1277,out-bounds,out-bounds,car,out-bounds
1278,out-bounds,out-bounds,log,empty
1279,out-bounds,out-bounds,log,water
1280,out-bounds,out-bounds,log,car
1281,out-bounds,out-bounds,log,log
1282,out-bounds,out-bounds,log,lilypad
1283,out-bounds,out-bounds,log,out-bounds
1284,out-bounds,out-bounds,lilypad,empty
1285,out-bounds,out-bounds,lilypad,water
1286,out-bounds,out-bounds,lilypad,car
1287,out-bounds,out-bounds,lilypad,log
1288,out-bounds,out-bounds,lilypad,lilypad
1289,out-bounds,out-bounds,lilypad,out-bounds
1290,out-bounds,out-bounds,out-bounds,empty
1291,out-bounds,out-bounds,out-bounds,water
1292,out-bounds,out-bounds,out-bounds,car
1293,out-bounds,out-bounds,out-bounds,log
1294,out-bounds,out-bounds,out-bounds,lilypad
1295,out-bounds,out-bounds,out-bounds,out-bounds
